sampleID	mutationID	cellularity	sd
WGC033391D	AIRN_chr6:160424970	0.495731317731	0.289589192692
WGC033392D	AIRN_chr6:160424970	0.500172787766	0.290226808868
WGC033393D	AIRN_chr6:160424970	0.455103331544	0.112733800637
WGC033389D	AIRN_chr6:160424970	0.259495412651	0.153822333163
WGC033388D	AIRN_chr6:160424970	0.260757459657	0.156957184368
WGC033387D	AIRN_chr6:160424970	0.249483408367	0.129245458992
WGC033386D	AIRN_chr6:160424970	0.325623383068	0.184406089248
WGC033391D	EPHA1-AS1_chr7:143116947	0.499665151591	0.288119928612
WGC033392D	EPHA1-AS1_chr7:143116947	0.499823795633	0.288089175316
WGC033393D	EPHA1-AS1_chr7:143116947	0.444674179139	0.0680707927312
WGC033389D	EPHA1-AS1_chr7:143116947	0.212943135943	0.0800207361321
WGC033388D	EPHA1-AS1_chr7:143116947	0.217970300836	0.0515015692596
WGC033387D	EPHA1-AS1_chr7:143116947	0.217386003418	0.0444488310288
WGC033386D	EPHA1-AS1_chr7:143116947	0.307678465023	0.103825019065
WGC033391D	LINC01492_chr9:105937543	0.498589149536	0.287332528914
WGC033392D	LINC01492_chr9:105937543	0.496013770765	0.288838112288
WGC033393D	LINC01492_chr9:105937543	0.442090508211	0.0758103737579
WGC033389D	LINC01492_chr9:105937543	0.234198556916	0.09573406199
WGC033388D	LINC01492_chr9:105937543	0.223538359031	0.0749642935236
WGC033387D	LINC01492_chr9:105937543	0.223357882759	0.0703909342506
WGC033386D	LINC01492_chr9:105937543	0.29075048505	0.127421626817
WGC033391D	TRPV2_chr17:16318188	0.495974748605	0.287190329294
WGC033392D	TRPV2_chr17:16318188	0.499164217863	0.289715309474
WGC033393D	TRPV2_chr17:16318188	0.453003534424	0.0815250311062
WGC033389D	TRPV2_chr17:16318188	0.204790368356	0.0953981870615
WGC033388D	TRPV2_chr17:16318188	0.221869108123	0.0662990936566
WGC033387D	TRPV2_chr17:16318188	0.221780846673	0.0630539649062
WGC033386D	TRPV2_chr17:16318188	0.33773624503	0.118478224824
